start	end	text
0	10820	You know, when you step into a movie theater, you find your seat, and as the lights go down, you're instantly participating in this identical reality with everyone else in that room.
10900	14740	Right, yeah. You're all literally looking at the exact same physical screen.
14820	21320	Exactly, and you're all hearing the exact same audio mix being pumped through the, you know, the surround sound speakers.
21500	21740	Right.
21860	29640	Like, if there's a sudden explosion in the film, the person in the front row and the person in the back row, they receive fundamentally the same sensory input.
30000	31740	It's an objective, shared experience.
31780	41020	But, and here's the hook, you step out of that theater, and you walk onto a live concert stage, like right up there with the musicians, during a massive show.
41100	45900	Oh, and that entire concept of a shared, objective reality just shatters completely.
46020	46680	Totally shatters.
46800	54500	What is happening on that stage is actually this elaborate, beautifully coordinated acoustic illusion.
54800	59980	It is entirely an illusion, and, I mean, what's fascinating here is that the musicians aren't being tricked.
60000	63580	You know, they are actively weaponizing it.
63920	69840	The architecture of that illusion is profoundly important, and not just for, like, audio engineers.
69960	73360	It's important for anyone trying to build complex systems in the real world.
73700	75440	Well, welcome to the deep dive.
75740	79180	We are taking you straight to the core of a massive idea today.
79280	79820	You really are.
80160	84200	Our mission is to shortcut the path to being genuinely well-informed.
84200	89300	We want to strip away the noise so you can grasp the actual mechanics of how things work.
90420	94620	So today we're looking at this brilliant piece of writing from August 2026.
94760	102560	It's by the essayist Flyxion, and it's titled Hall of Monitors, Coordination Without Identical Information.
102760	103660	Such a great title.
103980	104380	It is.
104520	107380	And our entire conversation centers on this premise.
107540	107780	Yeah.
107780	109260	The live rock band.
109920	114360	You, standing in the audience, think you're sharing an acoustic reality with the people on stage.
114560	122720	Right, but what is physically happening up there, the physical reality, is that not a single person on that stage is hearing what you, the audience member, are hearing.
123100	123320	No.
123400	129220	Furthermore, not a single person on that stage is hearing what the musician standing, like, three feet away from them is hearing.
129500	133040	The singer's reality is entirely divorced from the bassist's reality.
133040	137500	The drummer's world is fundamentally different from the guitarist's world.
137820	146860	And the goal of our deep dive today is to explore why this stage engineering trick is actually a grand overarching theory.
147000	148020	It's a blueprint, really.
148180	156520	Yeah, a blueprint for how human beings, distributed software, social platforms, and highly complex multi-agent systems coordinate.
156800	159960	And how they do it without ever actually sharing identical information.
160240	160520	Yes.
160520	166180	So setting the baseline thesis here, which affliction just deconstructs masterfully.
166180	166580	Completely.
166820	177420	The thesis going into this is our inherent societal assumption that fairness or coordination or a functional shared truth absolutely requires giving everyone the exact same feed.
177520	177660	Right.
177740	181040	We assume we must all perceive the identical reality to act together.
181040	181420	Exactly.
181540	183500	We think, you know, sameness equals fairness.
184140	192240	But this essay proves why that assumption is not just mathematically and physically wrong, but why building systems based on that assumption is actively dangerous.
192680	193260	It's wild.
193260	201540	So to truly grasp the theory, we need to completely deconstruct the physical reality of the stage that inspired it.
201820	206760	Yeah, we have to look at what is actually being piped into the in-ear monitors of these musicians.
206760	212000	Because if you've ever watched a live performance and seen a musician, like casually adjust that little earpiece.
212100	215140	They are tweaking a highly curated version of reality.
215140	215580	Exactly.
215840	216860	Let's start with the drummer.
217900	223460	The audience is getting hit with this massive, overwhelming wall of sound.
223980	224140	Right?
224300	228440	Screaming guitars, layered synths, crashing cymbals, five vocal harmonies.
228460	229360	It's huge.
229420	236200	But if you were to walk up to the drummer and say, pop one of their earpieces into your own ear, what does that world sound like?
236200	238320	Honestly, it would sound incredibly bizarre.
238620	240720	Like almost unrecognizable as the song you're listening to.
240800	241020	Really?
241280	241540	Yeah.
241940	252060	The drummer is hearing mostly a highly compressed, isolated bass guitar line, the rhythmic click of a metronome, and perhaps a tiny thin thread of the lead vocal.
252480	252880	Wow.
252880	259860	They are explicitly not hearing the wash of the cymbals they're hitting, and they are definitely not hearing the rich distortion of the rhythm guitar.
260240	261140	Yeah, and why is that?
261140	267740	Because, I mean, if I'm the drummer and I hear everything, I actually can't do my job.
267940	268460	Exactly.
268480	273140	If I hear the wash of noise the audience hears, the subtle variations in the rhythm get muddy.
273620	274660	I lose the groove.
274720	275000	Right.
275060	276320	Your brain is just overloaded.
276340	276560	Yes.
276680	287380	I need the bass player to anchor the temporal reality of the song, and I need just enough of the lead singer's voice to know if we're, like, entering the chorus or the bridge.
287600	289280	Everything else is a distraction.
289660	290120	Exactly.
290120	295080	The drummer's cognitive load is entirely dedicated to keeping time and structure.
296080	297900	Now, contrast that with the lead singer.
298280	304140	If you listen to the singer's monitor mix, you're going to hear their own voice pushed aggressively forward.
304260	304820	Oh, I bet.
305000	314720	It will be overwhelmingly loud and dry, sitting right at the front of their skull, and alongside that, they might have a single keyboard line or an acoustic guitar.
315040	318940	Because the singer doesn't need the pounding, low-end frequencies of the bass and kick drum.
318940	319460	No.
319720	324160	In fact, those frequencies will actually vibrate their vocal cords and throw off their intonation.
324280	324380	Right.
324720	324960	Yeah.
324960	327240	It physically interferes with their instrument.
327240	329880	So, they need a pure melodic reference.
330380	331280	A pitch center.
331620	338000	They need to hear themselves clearly enough to not blow out their vocal cords trying to compete with the room volume.
338160	338600	Precisely.
338940	342740	And then you get to the most counterintuitive mix of all, which is the guitarist.
342740	343260	Oh, my gosh.
343320	344800	This detail blew my mind.
344860	345180	Right.
345280	354120	If you talk to a professional touring guitarist, a lot of the time, they want almost none of their own instrument in their in-ear monitor.
354320	355660	Almost none of it.
355780	357360	Which sounds insane.
357700	358720	You're playing an instrument.
359380	361280	Surely, you need to hear exactly what you're playing.
361280	368820	It sounds like a mistake until you break down the physical mechanics of playing the electric guitar on a loud stage.
368920	369580	Okay, break it down.
369980	371720	Well, first, they already know what their hands are doing.
371800	372660	They have muscle memory.
372800	373060	Sure.
373220	378100	But more importantly, they're standing in front of an amplifier pushing actual air, right?
378280	378500	Right.
378560	382500	So, they can physically feel the resonance of the instrument against their bottom.
382540	383540	Oh, like bone conduction.
383660	383800	Yeah.
383800	384400	Exactly.
384600	385800	They have bone conduction.
386600	391800	So, what they desperately lack in that loud environment is spatial and temporal awareness.
392140	392800	Oh, yeah.
392920	400940	They need the hi-hat of the drum kit to know exactly when to land the downbeat, and they need the vocal to know the emotional dynamic of the section.
401160	402480	That makes so much sense.
402540	408340	If their monitor was just their own guitar, they would be a soloist completely divorced from the band.
408340	417100	So, if you ask a working musician why their mix sounds absolutely nothing like the ambient room, their answer isn't that they are confused.
417300	417900	No, never.
418120	420820	The answer is that the discrepancy is by design.
421200	428720	That highly filtered, bizarre-sounding mix is an engineered reality constructed specifically to allow them to execute their role.
429160	434940	And what's fascinating here is that Flyxion makes this massive leap from audio engineering to systems architecture.
435060	435260	Yeah.
435480	436260	This is where it gets big.
436260	440060	This stage setup isn't just a quirky byproduct of loud music.
440380	447920	It is a working, highly successful example of an architecture that most systems claiming to coordinate people totally fail to build.
448140	463280	Whether we're talking about algorithmic news feeds, enterprise software used by multinational corporations, or distributed AI networks, they either fail to grasp this architecture or they actively avoid building it.
463480	464480	Okay, let's unpack this.
464480	468660	I have to challenge you on the idea that tech platforms actively avoid this.
468720	469040	Oh.
469040	474160	Because on the surface, this sounds exactly like what Silicon Valley does every single day.
474280	475860	They personalize everything.
475980	476440	They do.
476680	480760	My social media feed looks absolutely nothing like your social media feed.
481000	482720	My search results are different from yours.
483040	487520	Isn't that the exact same thing as the drummer getting a different mix than the singer?
487520	489240	It's a customized feed.
489240	490700	It is customized, yes.
490900	494500	But the mechanics underneath that customization are entirely different.
494640	495000	How's that?
495240	499820	What tech platforms are currently doing is like a dark mirror of what the band is doing.
500120	500580	Dark mirror.
500680	500820	Yeah.
501200	509460	The band's setup, no matter how disparate the individual mixes get, strictly maintains a structural, verifiable connection to a single shared reality.
509520	511060	The actual song being played.
511060	513140	Exactly, the actual song.
513740	521320	But the tech platform's setup, as Flyxion argues, frequently severs that connection completely, usually in the name of engagement.
521620	521860	Wow.
522000	522220	Okay.
522340	526420	We are going to dissect the mathematical difference between those two approaches shortly.
526420	536840	But that distinction between a healthy, coordinated projection and an isolated, severed reality, that is the beating heart of this text.
537100	537400	I see.
537680	544740	Well, before we can diagnose exactly where these massive digital systems go wrong, we have to look at the terminology we're using.
544880	545200	Definitely.
545560	550200	Because to understand what a monitor should be doing, we have to look at the word itself.
550200	556340	Flyxion points out a linguistic accident surrounding the word monitor that is actually incredibly revealing.
556600	559540	It tells us so much about human psychology and system design.
559640	559780	Yeah.
560080	568100	There are four distinct senses of the word monitor in English, and we use them all the time without realizing they describe very different relationships to reality.
568320	572680	We use them interchangeably, but structurally, they dictate entirely different power dynamics.
572780	574080	Let's walk through the first three.
574080	586960	Sense number one, a monitor is an interface or a physical device that a person listens or watches through, like, I'm listening through my stage monitors, or I'm buying a new 4K monitor for my computer.
587180	588560	It is the physical window.
588760	589000	Right.
589720	592660	Sense number two, a monitor is a display of a state.
593060	596760	It's a readout representing a system's condition at a given moment in time.
596820	600260	Like a heart rate monitor in a surgical theater displaying the beats per minute.
600520	601240	Perfect example.
601240	603440	And then sense number three is a bit more computational.
603440	603920	Right.
604260	608280	Sense three refers to a process that watches another process.
608500	608540	Okay.
609040	612260	It is an agent checking a system against an expectation.
613080	621860	So in computer science, you have monitor programs or demons that run in the background supervising other software to ensure it doesn't leak memory or crash.
622040	628640	So you have the physical interface, the representation of the state, and the active process checking for errors or deviations.
628640	631400	Now, look back at the musician on the concert stage.
631860	637400	Their in-ear monitor is performing all three of those functions simultaneously in perfect harmony.
637500	638120	Oh, I see it.
638320	640620	It is the physical device they listen through.
640960	645360	It is displaying a highly curated version of the performance's current state.
645360	650920	And crucially, it allows the musician to perform that third function.
651300	651980	Which is?
652080	655020	They are checking their own playing against the rest of the band.
655240	657540	They are the process checking the process.
657760	658860	The tool empowers them.
658960	659300	Exactly.
659720	662080	They are not merely being watched by the system.
662260	665880	They are actively wielding it to participate in a shared objective.
665880	669000	But then there is the dark fourth sense of the word.
669660	673020	And honestly, this is the one most of us learn first as kids.
673260	674960	The institutional use of the word.
675200	675600	Exactly.
676120	682680	A monitor as a person posted to oversee a room, the middle school hall monitor, or an exam monitor.
682820	683020	Right.
683240	685020	Think about what that role actually is.
685440	687300	They aren't there to help you learn the curriculum.
687680	690260	They aren't facilitating your participation in the school's mission.
690360	692940	No, their sole function is surveillance and compliance.
692940	693420	Yes.
693940	698700	They are watching to ensure you don't run, don't cheat, don't deviate from the rules.
699060	702140	It is a purely supervisory, asymmetrical relationship.
702960	705220	And Flixine's insight here is foundational.
705800	708300	When a system separates those first three functions,
708920	717180	when a tech platform or a corporate structure treats what a user sees as completely unrelated to what the system's actual state is,
717580	721960	and separates that again from how the system checks for failure coordination degrades.
721960	723140	It breaks down.
723480	723720	Yes.
723980	729660	When those functions are decoupled, the system devolves into that purely supervisory fourth sense.
730000	731560	The platform is just watching the user.
731840	732640	Like it tracking clicks.
733040	733520	Exactly.
733980	738260	It's tracking your clicks, monitoring your engagement, checking you for gross policy violations,
738660	742460	but it is not empowering you to understand the shared state of the network.
742600	743620	It's just a hall monitor.
743840	744160	Yes.
744700	748880	Uniting those first three functions in a single tool is not a UX convenience.
748880	756420	It is an absolute necessity for any system that wants healthy, autonomous coordination among its participants.
756860	757540	I love that framing.
758260	762160	A healthy monitor expands an agent's capacity to perceive and act,
762360	766700	while a degraded monitor just watches the agent to enforce compliance.
767160	767440	All right.
767480	770760	So we know what a healthy monitor should be doing conceptually.
771180	774540	Let's look at the actual physics and mathematics of what it transmits to the user.
774820	776220	How does it actually work?
776220	781320	This brings us to the core concept of the essay, the shared state.
781880	784180	Flyxion uses a very specific notation for this, right?
784260	784400	Yeah.
784680	789340	The shared state is represented mathematically as a continuing event evolving in time.
789540	789860	Yes.
789980	794260	The essay uses the variable S moving through time T, so S of T.
794680	800280	Now, we're not going to read out algebraic formulas on an audio show because that is a total nightmare to listen to.
800500	800740	No.
800740	803720	But let's translate the math into spatial reality.
804700	806640	Imagine S is the entirety of the room.
807160	815740	On the concert stage, this is the pure, unmixed, raw sound of every single instrument, every voice, the crowd noise, the reflections off the back wall.
815900	821360	The literal, objective, acoustic truth of the physical space in that exact millisecond.
821360	824120	But here is the massive twist that Flyxion introduces.
824840	826960	Nobody in the band experiences the room.
827080	827880	Not a single person.
828140	829220	It's crazy to think about.
829320	835420	The pure, unadulterated reality of the room is structurally inaccessible to the people actually creating it.
835620	837020	Instead, they receive a projection.
837020	847960	The system takes the totality of the room, applies a strict mathematical filter to it, and projects a highly specific slice of that reality directly into the ear of person A.
848060	848340	Yes.
848520	852980	And it throws away 90% of the room and only delivers the 10% that person A needs.
853120	855960	And this is where we have to aggressively dismantle the sameness myth, right?
855960	857980	Flyxion is so adamant about this.
858320	874040	In social design, in political theory, in software architecture, we have this deep-seated, almost invisible assumption that for coordination to be fair or successful, participant A's reality must be perfectly identical to participant B's reality.
874220	876100	We assume the projections must match.
876340	878660	Like, M sub I has to equal M sub J.
878760	879020	Yes.
879160	882740	We treat identical information as the prerequisite for shared truth.
882740	889920	Infliction argues that treating identical projection as the goal of coordination technology is the fundamental failure of modern systems.
890080	890940	It was never the goal.
891060	891260	No.
891700	901940	The rock band is the ultimate proof that you can have flawlessly coordinated, highly complex, synchronous behavior between agents whose projections of reality share almost nothing in common.
902300	903980	Let's ground this outside of music.
904300	909440	Because I was trying to think of an analogy for how this works in, like, daily human interaction.
909800	910740	Oh, I'd love to hear it.
910880	912320	Think about a group of friends.
912740	916520	Who take a massive two-week cross-country road trip together.
916980	918860	They are all in the same car.
919400	923560	They are sharing the exact same physical state moving through time.
924080	924380	Okay.
924560	925080	S of T.
925420	926460	The car on the road.
926700	927180	Exactly.
927500	927700	Yeah.
927700	932700	Now, imagine a month later, they are at a dinner party telling a story about that trip.
933080	940960	If all four of them sat down and repeated the exact same sentences, word for word, describing the exact same details in the exact same order.
941120	942260	That would be terrifying.
942260	942780	It would.
942960	944840	It wouldn't feel like a shared human memory.
945100	947100	It would feel incredibly, deeply unsettling.
947180	949160	They would sound like programmed robots.
949380	949660	Right.
949980	956440	The richness and the truth of the shared experience actually comes from the fact that their memories, their projections are totally different.
956580	957380	Oh, I see.
957380	962080	The person who drove remembers the physical stress of the mountain passes and the sound of the engine.
962220	967660	The passenger remembers the intricate details of the playlists they were curating and the weird billboards.
968300	972660	And the person in the back seat just remembers the angle of the sun and sleeping through Nevada.
972660	973100	Yes.
973100	982500	Their individual projections are wildly distinct, but they all effortlessly map back to the exact same vehicle moving down the exact same highway.
982500	984920	That is a phenomenal analogy.
985340	990640	Because what makes that storytelling at the dinner party work isn't that their mental contents are identical.
990960	993420	It's that their mental contents are compatible.
993860	994420	Compatible.
994620	994920	Yes.
994920	999920	This is Flyxion's true requirement for coordination, the compatibility condition.
1000680	1001820	So it's not about sameness.
1002180	1004000	It is exclusively about compatibility.
1004240	1004800	Precisely.
1004800	1015820	The whole set of projections, everyone's individual memory of the road trip or every musician's individual monitor mix, must function as a working set of views onto the same underlying event.
1016000	1016100	Right.
1016480	1024140	The drummer's mix and the singer's mix are radically different, but they are both faithful, usable guides back to the architecture of the song.
1024140	1028980	And, you know, when we were prepping for this, I noticed you got completely sidetracked by the footnotes in this section.
1029060	1030300	Oh my gosh, I fully admit it.
1030500	1035260	You were practically vibrating with excitement over the psychological theory backing this up.
1035520	1040500	I really went down a massive rabbit hole here because Flyxion isn't just making this up.
1041000	1045940	Footnote 1 connects this compatibility condition directly to foundational cognitive psychology.
1046120	1046820	Who are the researchers?
1047260	1052640	It references Herbert Clark and Susan Brennan's 1991 conversational grounding theory.
1052640	1054280	Okay, what does that say?
1054720	1063660	Well, Clark and Brennan established that successful human communication does not mean two people have identical mental contents.
1063940	1068040	It doesn't mean I copy a file from my brain and paste it into yours.
1068140	1068840	Thank goodness.
1069040	1069240	Right.
1069560	1074180	Communication rests on a mutually maintained common ground that gets updated turn by turn.
1074600	1075380	I say a sentence.
1075900	1079720	You process it through your unique context, adjust your internal model, and reply.
1079720	1086260	I hear your reply, realize you maybe slightly misunderstood my tone, and I adjust my next sentence to correct it.
1086520	1088520	It's a continuous dynamic coupling.
1088840	1092780	It is a shared activity of navigation, not a static copying of data.
1092860	1094500	Which maps perfectly back onto the stage.
1094820	1098100	Like, the drummer plays a slightly aggressive fill heading into the chorus.
1098200	1098460	Yes.
1098680	1104040	The guitarist hears that dynamic shift in their monitor and instinctively digs into their strings a bit harder.
1104040	1109220	The singer feels the energy rise behind them and pushes the vocal higher.
1109560	1115040	They are updating their shared reality turn by turn based on compatible but distinct inputs.
1115840	1117080	And there was another footnote, right?
1117600	1118420	About the math.
1118540	1118820	Yes.
1119060	1122320	Footnote 2 gets into the mathematical nuance of how we measure this.
1122960	1128380	Fushin notes that this compatibility condition isn't just a simple threshold number you can measure on a spreadsheet.
1128680	1129340	What is it then?
1129340	1131460	It's a topological condition.
1132060	1137140	Think of it as phase locking, or path consistency across overlapping local views.
1137220	1138400	Okay, I have to stop you there.
1139140	1144400	Topological phase locking is a terrifying phrase for anyone who hasn't taken advanced physics.
1144660	1145540	Huh. Fair enough.
1145800	1149480	Let's break down the mechanism of what that actually means in the physical world.
1149640	1149860	Oh.
1150080	1155020	Phase locking just means that two independent oscillating systems align their rhythms, right?
1155020	1155760	Yes, exactly.
1155760	1160940	Like two pendulum clocks on the same wall eventually swinging in unison because of the micro vibrations in the wood.
1161020	1161880	Perfect example.
1162360	1168740	So on stage, the drummer has an internal metronome, and the bassist has an internal metronome.
1169080	1170240	They're independent systems.
1170720	1176000	But the sound waves of the bass hit the drummer's ear, and the sound waves of the kick drum hit the bassist's ear.
1176120	1176500	Right.
1176820	1182840	Those distinct views force their internal metronomes to align to lock into the same phase in time.
1182840	1185200	They don't need to share the same melodic information.
1185580	1189560	They just need their temporal realities to lock together so the song doesn't collapse.
1189940	1190900	That is exactly right.
1191200	1198520	They are tethered to the same underlying event through their overlapping edges, even if the center of their interfaces are totally distinct.
1198940	1199240	Wow.
1199640	1201820	Okay, so this brings us to the terrifying part of the essay.
1202020	1202860	Ah, yes.
1203140	1204020	The failure state.
1204120	1204400	Right.
1204400	1210880	If compatibility is the goal, what happens when a system loses its grip on that underlying shared state?
1211000	1212300	What happens when the tether snaps?
1212620	1213120	Gets bad.
1213280	1215300	This is the core thesis of the entire piece.
1216020	1219280	The structural difference between a hall of monitors and a hall of mirrors.
1219460	1221680	This is the most crucial distinction Flyxion makes.
1222260	1225640	In a true hall of monitors, you have a property called recoverability.
1225640	1234820	Meaning that a participant, armed only with their weird, highly personalized, filtered mix, can still find their way back to the truth of the room.
1235080	1235340	Yes.
1235360	1240960	They can take their in-ear monitor out, listen to the ambient noise of the stage, point to the sound engineer and say,
1241160	1243940	Hey, the bass is rushing the tempo, give me more snare drum.
1244200	1244500	Right.
1244600	1252340	They fundamentally know that they are experiencing a partial view of reality, and they have a mechanism to verify it against the whole.
1252500	1254760	The path back to the shared state is recoverable.
1254760	1255320	Exactly.
1255920	1259700	And there's a beautiful paradox embedded in this recoverability.
1260840	1262560	Discarding information is not a flaw.
1262820	1263020	Really?
1263300	1266180	Discarding information is the entire point of the system.
1266880	1270420	A good monitor is what mathematicians call a lossy projection.
1271040	1275720	It deliberately collapses a relevant distinction so the participant isn't overwhelmed.
1276040	1277500	Oh, like equivalence relations.
1277780	1278060	Yes.
1278420	1281200	Flyxion uses the concept of equivalence relations here.
1281200	1290700	For the drummer, the exact tone of the rhythm guitar, whether the guitarist is using a fuzz pedal or a clean tone, does not matter for the purpose of keeping time.
1290800	1291800	It's irrelevant data.
1292040	1294120	So the monitor throws that data away.
1294400	1297740	It treats a fuzzy guitar and a clean guitar as equivalent states.
1298320	1298940	This is good.
1299260	1301880	It reduces the drummer's cognitive load.
1301880	1307540	But wait, if throwing away data is good, how does this beautiful functional system fail?
1308160	1309700	Here's where it gets really interesting.
1309900	1315240	It fails through a concept borrowed directly from signal processing and digital imaging called aliasing.
1315480	1315920	Aliasing?
1315920	1316260	Yeah.
1316860	1325180	A functional monitor discards irrelevant information, but it fails structurally when it discards crucial distinctions, creating a false equivalence.
1325720	1327160	What do you mean by false equivalence?
1327380	1336520	It's when two underlying states in the real world that actually require totally different responses from the user are flattened by the system and made to look identical.
1336800	1339000	I need an example of that because that sounds a bit abstract.
1339580	1342600	Walk me through how aliasing actually tricks a user.
1342600	1346500	Okay, let's use digital photography first, as it's the most common example of aliasing.
1347180	1358020	Have you ever taken a picture of someone wearing a finely striped shirt, and in the digital photo, the shirt suddenly has these weird, swirling, wavy patterns all over it that aren't there in real life?
1358260	1359920	Oh yeah, the waré effect.
1360120	1361500	It completely ruins the photo.
1361600	1362880	Exactly, the waré effect.
1363540	1366760	The digital camera sensor has a specific grid of pixels.
1367340	1369920	The physical shirt has a very tight grid of stripes.
1370200	1370420	Right.
1370420	1377980	When the frequency of the stripes exceeds the resolution of the camera sensor, the camera can't accurately record the data, so it basically guesses.
1378440	1378720	Ah.
1378920	1383820	It aliases the high-frequency stripes down into a low-frequency, wavy pattern.
1384100	1385720	It creates a false reality.
1386080	1387680	Wow, okay, now apply that to the band.
1388180	1393740	Imagine the band suddenly speeds up the tempo by 10 beats per minute because the crowd is going wild.
1394260	1396920	This change requires the drummer to play faster.
1397140	1397620	Obviously.
1397620	1405600	But imagine the drummer's monitor mix is being run through a faulty algorithm that heavily compresses and time-stretches the audio to keep everything sounding uniform.
1405840	1406300	Oh no.
1406960	1408500	The underlying state changed.
1408920	1413000	It demands a physical response, but the projection collapsed that distinction.
1413840	1417620	The fast tempo and the slow tempo were aliased to sound identical.
1417620	1419080	So the drummer doesn't speed up.
1419340	1419420	Right.
1419660	1425160	The drummer has no way of knowing their reality was flattened, so they keep playing slow, and the song train racks.
1425520	1426480	That is wild.
1427280	1429160	The system didn't just hide information.
1429660	1431900	It actively hallucinated a false stability.
1432140	1432400	Yes.
1432660	1438420	And that mechanism aliasing leads directly to what Flyxion calls the descent into the hall of mirrors.
1438480	1438620	Right.
1438620	1439620	This is where it gets dark.
1439780	1445540	Flyxion decals this architectural sequence where a healthy system mutates into a toxic one.
1446480	1450920	In a healthy system, the shared state, the room, generates a mix for the user.
1451340	1452540	S goes to M sub J.
1452540	1461460	But in a failing system, instead of constantly referring back to the room, the system starts building the next projection off the previous projection.
1461980	1464220	It feeds its own output back into its input.
1464460	1465960	It's the snake eating its own tail.
1466440	1467180	Why does this happen?
1467760	1474320	It happens because locally, step by step, it feels to the system designers like a highly efficient optimization.
1474660	1474980	Awesome.
1475360	1478700	Think about a recommendation algorithm on a social video platform.
1478700	1483140	On day one, it watches what you click on, and it builds tomorrow's feed based on those clicks.
1483220	1483580	Okay, fine.
1483700	1483800	Sure.
1483960	1489580	But then it builds the next day's feed based on how you interacted with the feed it explicitly designed for you.
1489660	1490360	Oh, I see it.
1490540	1493520	It is no longer projecting the shared state of the world.
1494020	1497460	It is projecting your reaction to its previous projection.
1497680	1499020	It's losing the tethered S.
1499200	1499640	Exactly.
1499640	1509220	It is refining itself based entirely on your past behavior within the closed loop, not on the objective state of external reality.
1509700	1516840	So locally, to a product manager looking at a chart, it feels like the system is getting more tailored, more useful, more engaging.
1517140	1520940	But globally, the shared reality vanishes completely.
1521200	1524920	This raises an important question, though, because this is the invisible failure.
1524920	1527340	A hall of monitors has windows.
1527820	1529520	You can look through your mix and see the room.
1530100	1533200	A hall of mirrors only has surfaces reflecting surfaces.
1533720	1537920	Your feed reflects your past choices, which reflects your past choices infinitely.
1538740	1542580	And the most terrifying part of this architecture, you cannot tell you were inside it.
1542600	1543360	No, you can't.
1543500	1546740	There is no alarm bell that rings when a monitor degrades into a mirror.
1547080	1549380	You don't feel a sudden sense of isolation.
1549900	1554700	In fact, it feels incredibly comfortable because the environment is perfectly molded to your prejudices.
1554700	1555640	It's frictionless.
1555980	1564400	Yeah, you just quietly lose the capacity to ask what the actual room sounded like because the concept of the room no longer exists in your interface.
1564500	1565320	It just disappears.
1565540	1573760	That sends a chill down my spine because you know exactly how a tech executive from a major social platform would respond to this criticism.
1573840	1574400	Oh, absolutely.
1574760	1576400	They would immediately jump on the defensive.
1576580	1577280	They'd say, wait a minute.
1577760	1578820	We are not a hall of mirrors.
1579160	1581540	We keep all the original data on our servers.
1581540	1587800	We have flawless logs of every single post, every article, every video ever uploaded to our network.
1588100	1589560	We haven't lost the shared state.
1589700	1591580	It is sitting in a data center in Oregon.
1591860	1592280	Exactly.
1592680	1598780	And what I love about this essay is that Flyxion anticipates this exact defense and dismantles it entirely.
1599000	1600840	It is a profound dismantling.
1601000	1605780	Flyxion introduces a crucial distinction here, referencing a companion essay they wrote.
1606180	1609840	Retained by the system is not equal to recoverable by the participant.
1609840	1613860	Let me push back on you here just to play out the tech executive's argument.
1614060	1614760	Sure, go for it.
1614940	1621020	Because logically, if a platform has a perfect, incorruptible internal log of the shared state,
1621140	1627100	why does it matter if the end user can't easily see the raw chronological firehose of data?
1627200	1627460	Right.
1627820	1630320	The objective truth still exists on the server.
1630760	1633000	The algorithm is just organizing it to be helpful.
1633480	1634360	It hasn't been deleted.
1634740	1637660	It matters because of a concept called epistemic fragmentation.
1637660	1643520	A system can be a perfect archive and simultaneously a terrible haul of coordination.
1644000	1644780	How does that work?
1645240	1650880	Well, if the platform has superb internal recoverability, meaning their engineers can run a SQL query
1650880	1655580	and see the raw data, but zero external recoverability for the user,
1655980	1658720	you leave the participant utterly trapped in their projection.
1658840	1660360	Because they can't access it themselves.
1660620	1665800	The user has no independent structural position from which to measure their own drift from reality.
1665800	1671360	If I cannot practically access the raw feed to see how my personalized feed differs from it,
1671480	1674380	then my personalized feed is my entire functional world.
1674560	1675460	That makes total sense.
1675860	1681980	The fact that the truth exists on a server in Oregon is entirely mathematically useless
1681980	1685400	to my ability to coordinate my actions with my fellow citizens.
1686140	1689120	The system hoards the truth for its own oversight,
1689600	1692880	but denies the user the navigational tools to find it.
1692880	1698460	The analogy that came to mind here is the difference between a public library and a prison cell with a book slot.
1699060	1700180	Oh, that's dark, but yeah.
1700280	1703500	In a public library, I might spend all my time in the science fiction section.
1703640	1705120	That's my preference, my projection.
1705600	1712620	But I can physically stand up, look across the room, and see the biography section, the history section, the reference desk.
1712820	1715200	You have a map of the total shared state.
1715200	1721340	Exactly. The modern tech platform is like being locked in a room where a librarian slides books under the door
1721340	1723540	based purely on what you read yesterday.
1723680	1724940	That is precisely the difference.
1725060	1727680	The books exist. The library building exists.
1728260	1729700	But you have no map of it.
1729800	1732640	You have no way to verify if history books even exist anymore.
1732840	1733180	Yes.
1733680	1737240	Infliction contrasts the systemic failure with the companion essay.
1737700	1743240	That earlier essay was about how a single individual might lose their way in a mediated reality.
1743240	1745360	But this essay is about architecture.
1745840	1748620	It's about the literal floor plan of the system itself.
1749420	1749740	The blueprint.
1749960	1753920	The question is, did the architects ever build way home in the first place?
1754240	1758280	If the route back to the shared state isn't practically available to the participant,
1758720	1762680	if the UI hides it, if the algorithm actively suppresses it,
1762860	1765480	then the architecture is fundamentally a hall of mirrors,
1765840	1769020	regardless of how many petabytes of data they retain on their back end.
1769020	1775980	Okay, so if we accept that giving everyone access to a recoverable reality is the goal of a good system,
1776260	1778760	we run into a massive logistical problem.
1779080	1779500	What's that?
1779880	1783400	How does a system decide who gets what specific mix to begin with?
1783680	1785520	How do you construct the initial projection?
1786740	1792260	According to Flyxion, system designers are completely conflating two entirely different computational problems.
1792260	1798080	This is perhaps the most practical, actionable insight in the entire piece for anyone building software.
1798620	1802860	There are two distinct scheduling problems in any collaborative environment,
1803220	1805080	and naive systems smash them together.
1805360	1806480	Production and perception.
1806700	1807960	Let's break those down deeply.
1808760	1813500	First, production, which the essay denotes as the graph of production.
1813720	1818320	This is simply about who realizes which component of the shared state.
1818320	1818720	Right.
1819000	1820200	Who plays the guitar?
1820780	1821900	Who sings the lead vocal?
1822560	1824280	Who keeps the time on the drum kit?
1824540	1828960	It's an assignment problem based on affinity, skill, or resource allocation.
1829460	1835160	You assign the drum part to the person who has the physical stamina and rhythmic skill to play the drums.
1835280	1835500	Right.
1835620	1836780	It's the division of labor.
1836960	1839640	It answers the question, who is generating the signal?
1839800	1840600	And the other graph.
1840720	1843280	But then you have the completely separate graph of perception.
1843280	1848420	This answers the question, who needs to perceive which component in order to do their job well?
1848740	1857240	And the fatal conflation is that most naive personalization software, especially early machine learning models, collapses these two graphs into one.
1857380	1857780	Exactly.
1858200	1863020	The algorithm assumes that whoever is producing a signal must be the one who most needs to perceive it.
1863200	1868500	Which, if we go back to our master metaphor of the stage, is demonstrably hilariously false.
1868660	1869000	It is.
1869160	1871260	The drummer does not sing the lead vocal line.
1871260	1873560	The drummer is not producing that signal.
1874300	1882040	But the drummer absolutely desperately needs to hear the vocal line in their monitor to understand the macro structure of the song.
1882240	1882540	Yes.
1882940	1889500	If you collapse production and perception, the algorithm would say, well, the singer is producing vocals, so only feed vocals to the singer.
1889720	1893640	The drummer is producing percussion, so only feed percussion to the drummer.
1893920	1899100	The band would collapse into total rhythmic chaos in less than 10 seconds.
1899200	1899720	Instantly.
1899720	1900100	Okay.
1900260	1900860	I love this.
1900860	1913180	And I want to dive into the exact mechanics of how you solve this perception problem, because you pull some fascinating context from the footnotes regarding how this actually works physically in the ear.
1913360	1914220	Yeah, I did.
1914360	1916820	You introduced this concept of the noise floor.
1917040	1917340	Yes.
1917740	1922860	This is where Flyxion gets incredibly granular, but it's essential for understanding why algorithms fail.
1923260	1927840	Every participant in a system has a local detection threshold known as a noise floor.
1928040	1928760	A noise floor.
1928760	1931280	Below that floor, a signal might be physically real.
1931400	1935920	It might be transmitted perfectly by the system, but it doesn't exist cognitively to that person.
1936140	1945660	So if the vocal line is playing in the drummer's monitor, but it's below their noise floor because the bass is so loud, the drummer cannot use it to keep time.
1945860	1947460	It is functionally non-existent.
1947540	1947980	Exactly.
1948340	1949840	I want to make sure I understand this mechanically.
1950180	1953680	Let's say I'm the sound engineer, and the drummer says, I can't hear the singer.
1953680	1958260	My instinct is just to grab the master volume knob and turn everything up.
1958500	1958680	Sure.
1958860	1960840	Make the whole mix uniformly louder.
1961300	1963560	But you're saying that doesn't fix the problem.
1963780	1967440	It absolutely does not fix the problem, and in fact, it usually makes it worse.
1967680	1967940	Why?
1967940	1973460	Because if you just crank the master volume, you raise the noise floor along with the signal.
1973720	1976620	You make the bass louder, the click track louder, the vocal louder.
1976920	1980160	The vocal is still buried underneath the competing frequencies.
1980420	1982580	It's just vibrating the eardrum harder.
1982580	1983020	Ah.
1983740	1986700	You just deafen the musician without providing any clarity.
1987380	1989980	So perception routing isn't about volume.
1990620	1992920	It's about selective threshold manipulation.
1993740	1994300	Exactly.
1994620	2000460	It's about intelligently raising a very specific signal, like the vocal cue, just enough to
2000460	2005080	cross the drummer's specific threshold of perception at a specific moment in the song
2005080	2009300	while actively suppressing or letting other competing signals recede.
2009760	2014420	And again, you pulled some amazing historical context from footnotes four and five about where
2014420	2015880	this theory actually comes from.
2016520	2020120	Flyxion is drawing on decades of intense scientific research here.
2020200	2021900	I really couldn't resist going deep on this.
2021900	2026780	Footnote 4 traces this back to human automation research from the 1970s and 1990s.
2026800	2027460	Who were the pioneers?
2027460	2031280	People like Thomas Sheridan, Bill Verplank, and Christopher Wickens.
2031860	2036860	They studied how to allocate tasks in high-stress environments between human operators and early
2036860	2037680	computer systems.
2038500	2040360	But Flyxion points out their blind spot.
2040920	2046380	Even they frequently fail to cleanly separate who produces an action from who perceives the
2046380	2047540	feedback of that action.
2047720	2048580	They conflated them.
2048580	2051040	Yes, they treated allocation as a single variable.
2051880	2057180	Flyxion is arguing that separating those two graphs is the fundamental key to modern coordination.
2057460	2058840	What about footnote 5?
2058940	2060580	This was the psychoacoustic stuff, right?
2060960	2061320	Yes.
2062000	2069260	Footnote 5 traces the noise floor concept back to 1966, to David Green and John Swetz's signal
2069260	2075520	detection theory, and even further back to Harvey Flyxion's groundbreaking 1933 work on critical
2075520	2076000	bands.
2076500	2076900	1933.
2077220	2078180	That's almost 100 years ago.
2078220	2078580	I know.
2079040	2083000	Flyxion was a physicist at Bell Labs, and he proved mathematically that a tone isn't
2083000	2084580	drowned out by all the noise in a room.
2084840	2089560	It is only drowned out by a very narrow band of noise frequencies immediately surrounding it.
2089560	2093180	So if you want somebody to hear a 1,000 hertz tone, you don't need a silent room.
2093300	2097320	Joe, you just need to carve out the noise between 900 and 1,100 hertz.
2097480	2097620	Wow.
2098160	2104780	Flyxion is taking this incredibly specific physical acoustic phenomenon and applying it to general
2104780	2106780	socio-technical system architecture.
2107200	2109240	The algorithm doesn't need to show you everything.
2109460	2113940	It just needs to carve out the specific cognitive frequencies competing with the signal you need
2113940	2114480	right now.
2114700	2116700	It is a brilliant extrapolation.
2116700	2121160	It really is. But translating that to software brings up a massive practical issue.
2121700	2125220	We've established we need to constantly manipulate this noise floor for each person.
2125560	2127600	But how does a system do that?
2127700	2128080	It's hard.
2128220	2133260	Is this just a settings menu? Like, I open my app, check some preference boxes, say show
2133260	2137820	me more news, show me less sports, and then the system just runs on autopilot forever.
2138240	2142820	Not at all. And this is the trap that almost every modern consumer platform falls into.
2142940	2145060	Flyxion calls this the myth of the profile.
2145060	2150820	Right. Most modern personalization works by building a static historical preference profile.
2151160	2151420	Yes.
2151740	2156160	The algorithm looks at what you clicked on yesterday, last week, last month, and builds
2156160	2163540	a dossier. User 405 likes cat videos, baking tutorials, and political outrage. We will weigh
2163540	2168020	those variables heavily and feed them exactly that cocktail forever.
2168020	2172860	But a live monitor engineer on a concert stage does not work that way. A professional monitor
2172860	2177060	console is not a static profile. It is a highly dynamic instrument.
2177200	2178080	It's constantly changing.
2178200	2183120	The weights of the mix are changing continuously in real time. When the singer has a really
2183120	2188080	tough, exposed vocal entrance come up in the bridge of a song, the engineer doesn't just
2188080	2193160	leave the mix alone. The engineer might push a specific keyboard pitch reference forward
2193160	2197920	in the singer's ear for exactly three seconds leading up to the entrance. And the millisecond,
2198080	2202880	the singer hits the note securely. The engineer pulls that keyboard back down so it doesn't
2202880	2204560	clutter the rest of the vocal performance.
2204800	2205060	No.
2205300	2209900	The monitor responds to the demands of the present moment and the requirements of the immediate
2209900	2214380	future, not a historical average of what the singer listened to last week.
2214380	2219300	Let me throw a real provocation at you, though. Because we live in a consumer-driven society.
2219740	2221880	What if the drummer just wants to hear more vocals?
2222180	2223900	Oh, this happens all the time.
2223960	2227520	Not because they need it for a musical cue, but simply because they like the sound of the
2227520	2234320	singer's voice. Shouldn't a personalized system give the user exactly what they prefer to consume?
2234620	2236940	Isn't that the definition of a good user experience?
2237100	2242000	That is the ultimate temptation of the algorithmic age. But Flickshenand lays out what I consider
2242000	2244600	the absolute golden rule of this entire essay.
2244760	2245460	Okay. What is it?
2245460	2251980	System designers must ask this specific question. Which projection of the shared state best preserves
2251980	2254560	this participant's next admissible continuation?
2254980	2261420	The next admissible continuation. That is such a heavy, dense phrase. What does that actually mean
2261420	2263360	in practice? Unpack that for me.
2263480	2269380	It means we have to stop optimizing systems for immediate, frictionless preference or enjoyment.
2269580	2269800	Okay.
2269800	2275160	If you are the monitor engineer and you optimize only for what the drummer likes to hear, you
2275160	2280360	crank the vocals. But by doing that, you raise the noise floor and drown out the bass line.
2280440	2282020	And the bass line is what they actually need.
2282160	2286700	The bass line is the specific signal the drummer needs to perceive to keep the rhythm for the
2286700	2293600	next 16 bars. Optimizing for immediate comfort, eventually, mathematically, optimizes away the
2293600	2297680	very cues that keep a person capable of continuing their task in the shared world.
2297680	2302560	That is profound. A healthy monitor is not a historical profile of your past desires.
2303040	2307760	It is a dynamic control surface that equips you to successfully execute future actions.
2307920	2312400	Exactly. A static profile traps you in a feedback loop of your past preferences.
2312820	2316360	A dynamic control surface equips you with the capacity for future action.
2316360	2323640	And a platform that only feeds you what you like is actively disabling your capacity to navigate the
2323640	2330880	friction of the shared world. It is slowly blinding you to the signals you need to function as a citizen.
2331120	2331940	It really is.
2332060	2334520	Okay. This complex dynamic recovering system,
2334720	2340960	the true hall of monitors, sounds incredible when it works. It's responsive. It's tailored. It keeps
2340960	2344560	everyone coordinated without forcing them into identical realities.
2344640	2346100	When it works, it's beautiful.
2346420	2352060	But it begs a massive structural question. Who ensures it doesn't break down? Who audits the
2352060	2355640	algorithm to make sure the monitor hasn't quietly mutated into a mirror?
2355880	2359240	This is what Flyxion terms the crisis of ambient verification.
2359240	2364280	The crisis of ambient verification. The essay points out the ultimate cheat code of the
2364280	2367420	Ross Band metaphor, right? The physical room itself. The air.
2367480	2368240	The air is free.
2368380	2373560	The acoustic environment provides free ambient verification. If the monitor mix goes completely
2373560	2378680	haywire, anyone, the sound tech, the bass player, a fan in the front row, can simply pull their
2378680	2383160	earpiece out, listen to the open air, and check the shared state against what the musicians are doing.
2383820	2388820	Exactly. The objective truth is literally vibrating the air molecules in the room. You can't fake it.
2389240	2394300	But if we connect this to the bigger picture of modern society, this is where the hammer drops.
2394460	2395200	It drops hard.
2395340	2401640	Distributed software, personalized social media feeds, massive algorithmic tech platforms.
2402340	2403840	They have no room air.
2404000	2407940	None. There is no ambient acoustic environment you can casually listen to.
2408160	2412700	You cannot casually look past your own algorithmic feed to see the true state of the network.
2412820	2415040	The network only exists through the interface.
2415180	2415440	Yes.
2415640	2418740	That is the sharpest, most chilling warning in the text.
2419240	2422340	A hall of mirrors doesn't trigger a system failure alarm.
2422860	2425420	The platform doesn't flash red when it traps you.
2425420	2431280	It just quietly, efficiently keeps amplifying what is already loud and easy to justify the
2431280	2435720	things you already click on, the opinions you already hold, the outrage you already feel.
2435800	2440920	Meanwhile, the quiet, crucial, complex signals that you actually need to understand the nuances
2440920	2443300	of the world never cross your noise floor.
2443300	2443860	Right.
2444360	2446720	They aren't explicitly censored by a dictator.
2446900	2450260	They just never get amplified enough by the algorithm for you to perceive them.
2450520	2452060	They're drowned out by your own preferences.
2452540	2455240	And this brings us all the way back to the beginning of our conversation.
2455720	2458740	The return of the dark fourth sense of the word monitor.
2458960	2459420	Oh, wow.
2459640	2459800	Yeah.
2459800	2464300	Without that ambient verification, without the room air to check reality against the
2464300	2468820	system, degrades entirely into its purely supervisory function.
2468920	2469840	It watches us.
2470180	2473500	It mines our behavioral data to optimize for engagement.
2473700	2477400	It checks us for gross rule violations or terms of service breaches.
2477660	2480700	But it does absolutely nothing to expand what we can perceive.
2481000	2485160	And it does absolutely nothing to help us coordinate with our fellow citizens who are trapped in their
2485160	2486120	own distinct mirrors.
2486460	2490260	It stops being a tool for us to use and it becomes a tool operating on us.
2490460	2490800	Precisely.
2491080	2495840	It is the hall monitor checking our hall pass while we have no idea what building we are even in.
2496080	2496280	Man.
2497260	2504240	So to prove this isn't just an extended hyper-specific audio metaphor, Flyxion rapidly applies this
2504240	2509320	architecture to several real-world, high-stakes environments in the final sections of the essay.
2509640	2511300	It scales really well.
2511300	2515480	I want us to really dig into these examples because it scales the theory beautifully and
2515480	2517660	shows how universal these mechanics are.
2517800	2518860	Let's start with laboratories.
2519360	2519580	Right.
2519780	2524720	Think about a massive multi-million dollar particle physics lab.
2524940	2529840	You have the principal investigator, the PI, who is looking at data visualizations, trying
2529840	2534400	to find broad statistical patterns across months of experimental data.
2534580	2534780	Sure.
2534980	2540380	And sitting right next to them, you have the lab technician who is looking at a live, raw telemetry
2540380	2545940	feed of the physical instrument, watching for a very specific voltage spike that indicates
2545940	2547520	a hardware failure right now.
2547660	2549180	They require totally different views.
2549520	2550380	Radically different.
2550380	2555320	The PI needs a heavily smoothed, time-averaged macro projection.
2555840	2559200	The tech needs a high-frequency, raw micro projection.
2559420	2564440	But, and this is the crucial part, both of those wildly different views would be strict
2564440	2568580	mathematical projections of the exact same underlying experimental data.
2568580	2573900	If the PI software starts aliasing the data to make it look cleaner, the experiment is
2573900	2574320	invalid.
2574640	2579720	Then you move into even higher stakes, cockpits, and hospital operating rooms.
2580220	2585560	You have incredibly complex checklists and role-specific digital displays.
2585700	2586000	Right.
2586180	2591220	The pilot flying the plane needs different instrumentation than the co-pilot handling communications.
2591640	2596240	The lead surgeon needs a different beta stream than the anesthesiologist monitoring vitals.
2596240	2600780	And here I have to bring in footnote 6, which references Thomas Sheridan's foundational
2600780	2602060	work on telerobotics.
2602220	2602900	Oh, right.
2603500	2609300	When you are flying a drone remotely or performing robotic surgery across a network, the cost of
2609300	2614340	a hall of monitors collapsing into a hall of mirrors isn't just a bad drum fill or someone
2614340	2615360	getting mad on the internet.
2615480	2617480	It is actual, immediate physical harm.
2617620	2617900	Yes.
2617900	2623620	If the surgeon's haptic feedback monitor aliases the soft tissue resistance to feel like empty
2623620	2625080	space, they cut an artery.
2625620	2628180	The architecture of these systems has to be bulletproof.
2628720	2631580	The recoverability of the shared state must be instantaneous.
2632180	2635540	How does this apply to something less mechanical like education?
2635740	2636500	What about classrooms?
2636500	2641420	A classroom, at its absolute best, is a perfectly functioning hall of monitors.
2641600	2643800	You have 30 distinct students.
2644680	2648140	Different students might need different pacing, different analogies, or different scaffolding
2648140	2650400	to learn a complex mathematical concept.
2650520	2653480	A good teacher provides 30 different projections of the lesson.
2653600	2659600	But all 30 projections must be rigorously answerable to the same underlying curriculum, the shared
2659600	2660020	state.
2660020	2665740	If a school system decides to isolate struggling students onto entirely different, dumbed-down
2665740	2669680	tracks that can't be checked against the shared standard of the main curriculum, they haven't
2669680	2670780	personalized education.
2671320	2672960	They have built a hall of mirrors.
2673140	2677020	They have trapped those students in an unrecoverable reality.
2677260	2677760	Exactly.
2678420	2681740	Finally, Flyxion points to the sharpest test of all.
2682500	2689800	Multi-agent systems, autonomous drone swarms, complex AI networks, distributed computing grids.
2689800	2693100	This is where the theory becomes vital for the future of technology.
2693720	2698800	In a true multi-agent system, no single component ever holds the complete state of the system
2698800	2700100	in its memory at once.
2700240	2701620	It's computationally impossible.
2701760	2705740	Wait, so there is no master brain sitting in the center that sees everything perfectly.
2706160	2706720	Exactly.
2707300	2715020	And Footnote 7 brings in Edwin Hutchins' incredible 1995 cognitive science study on U.S. Navy ship
2715020	2716220	navigation teams.
2716440	2717180	Navy ships.
2717180	2722240	Yeah, Hutchins lived on these massive ships and observed that the navigating mine of the
2722240	2723880	vessel does not belong to the captain.
2724060	2725620	It doesn't belong to the head navigator.
2725820	2726740	Who does it belong to?
2727080	2732880	The cognitive mine is the entire sociotechnical assembly, the quartermasters taking physical
2732880	2738540	bearings, the radar operators looking at screens, the officers charting the map, the communication
2738540	2739700	protocols they use.
2739960	2743240	They're all sharing partial, highly specific views.
2743240	2743720	Yes.
2744200	2748400	The true shared state, the exact position of the ship in the ocean, is never directly
2748400	2750160	observable by any one person.
2750280	2750820	That's wild.
2750960	2755660	Therefore, the rigorous discipline of preserving recoverable projections isn't just a nice
2755660	2756500	feature for the crew.
2756840	2760720	It is the entire cognitive basis that prevents the ship from crashing into a reef.
2760860	2763020	So the rock band was never just a clever metaphor.
2763460	2768520	It is just the clearest, most intuitive, visceral instance of a universal physical requirement
2768520	2772840	for any group of agents trying to do something complex together in a noisy world.
2773200	2773760	Exactly.
2774160	2777080	It is the blueprint for survival in a complex environment.
2777400	2782960	We have covered a massive amount of conceptual ground today, from psychoacoustics and signal
2782960	2788600	detection theory to the architecture of social media and the navigation of Navy ships.
2788760	2789540	We really have.
2789660	2793740	But if I had to pull it all together based on Flyxion's text, it is this.
2794560	2797500	A common world does not require a common mix.
2797500	2798460	No, it doesn't.
2798600	2803800	We do not all need to see the exact same feed, read the exact same articles, or hold the
2803800	2808340	exact same perspectives to be a highly functioning, coordinated society.
2808780	2812760	Differences in perception are actually required for a complex system to operate.
2813020	2818540	But, and this is the massive but, it absolutely requires that every individual mix remains
2818540	2820620	a verifiable mix of something common.
2820880	2823720	We have to be able to find our way back to the shared reality.
2823940	2825500	We have to be able to listen to the room.
2825500	2829920	I want to challenge everyone listening right now to apply this directly to your own life.
2830080	2833960	Yeah, take a hard look at the enterprise software you were forced to use for work every day.
2834600	2838060	Look closely at the algorithmic feeds you scroll through on your phone tonight.
2838460	2842580	Ask yourself, are you standing in a hall of monitors where you can still look through the
2842580	2844640	interface and verify the real world?
2845360	2851460	Or have the windows been quietly, comfortably replaced by mirrors, reflecting nothing but your
2851460	2853540	own past choices back at you?
2853540	2856360	It is a genuinely haunting question.
2857040	2861880	And I want to leave you with one final provocative thought to mull over as you go about your day.
2861920	2862420	That is it.
2862700	2868780	If our modern digital lives are increasingly built on static profiles rather than dynamic
2868780	2874680	control surfaces, and if there is no longer any digital room air to verify our shared state,
2874680	2880660	how much of our current societal polarization, how much of our political rage, is actually just a
2880660	2883760	catastrophic architectural failure of perception scheduling?
2884100	2884480	Wow.
2884480	2888500	We think we're angry at each other, but what if our monitors are just aliasing the truth?
2889160	2891320	What would a social network actually look like?
2891380	2895400	How would it function if it were built by a live sound engineer trying to coordinate a band
2895400	2898680	instead of an engagement algorithm trying to maximize watch time?
2898800	2899580	That's a great thought.
2899580	2904080	Think about that the next time you put your noise-canceling headphones in, and the world
2904080	2905600	outside goes completely quiet.
2906480	2908980	Thank you so much for joining us on this deep dive.
2909420	2910580	We will catch you next time.
